{"object_T": [-0.6018936634063721, -0.05420492962002754, 0.026678873226046562], "object_R": [[[-0.9064057469367981, 0.856804370880127], [-0.572598934173584, -1.6264126300811768], [0.023412499576807022, -0.04619479179382324]]]}