{"object_T": [-0.6025683879852295, -0.055404677987098694, 0.027266765013337135], "object_R": [[[-0.9218820929527283, 0.8152515888214111], [-0.583838701248169, -1.6505482196807861], [0.023945961147546768, -0.04668149724602699]]]}